{"0": {"1": 1, "3": 1.0965192494261848, "5": 1.1284635952769693, "7": 1.1350890892312062, "9": 1.1469203284352003}, "1": {"1": 1, "3": 1.1277537209247297, "5": 1.1627741889685526, "7": 1.1509429497645585, "9": 1.1561486950143158}, "2": {"1": 1, "3": 1.1185253543456142, "5": 1.145500579730721, "7": 1.1530725728212774, "9": 1.1578050685028751}, "3": {"1": 1, "3": 1.1092969877664987, "5": 1.1755519273088664, "7": 1.1410047088332034, "9": 1.1727124298999076}, "4": {"1": 1, "3": 1.120891602186413, "5": 1.1729490546839876, "7": 1.0950995007217057, "9": 1.145500579730721}, "5": {"1": 1, "3": 1.1149759825844159, "5": 1.0948628759376258, "7": 1.1504697001963986, "9": 1.1511795745486382}, "6": {"1": 1, "3": 1.1400582096968837, "5": 1.1152126073684958, "7": 1.1386384609924045, "9": 1.1369820875038452}, "7": {"1": 1, "3": 1.153782447173517, "5": 1.1589881924232746, "7": 1.1604079411277537, "9": 1.155675445446156}, "8": {"1": 1, "3": 1.1159224817207356, "5": 1.1376919618560848, "7": 1.1237310995953715, "9": 1.1343792148789664}, "9": {"1": 1, "3": 1.1260973474361704, "5": 1.1178154799933746, "7": 1.1402948344809636, "9": 1.143134331889922}, "10": {"1": 1, "3": 1.1182887295615345, "5": 1.1263339722202503, "7": 1.1279903457088096, "9": 1.1376919618560848}, "11": {"1": 1, "3": 1.137455337072005, "5": 1.1379285866401647, "7": 1.1038546177326614, "9": 1.1090603629824187}, "12": {"1": 1, "3": 1.1253874730839308, "5": 1.1485767019237596, "7": 1.1464470788670404, "9": 1.1384018362083246}, "13": {"1": 1, "3": 1.1246775987316913, "5": 1.155675445446156, "7": 1.1542556967416768, "9": 1.1324862166063274}, "14": {"1": 1, "3": 1.1379285866401647, "5": 1.1483400771396797, "7": 1.164193937673032, "9": 1.1570951941506353}, "15": {"1": 1, "3": 1.1360355883675257, "5": 1.0846880102221907, "7": 1.1608811906959136, "9": 1.1533091976053573}, "16": {"1": 1, "3": 1.1405314592650435, "5": 1.1320129670381676, "7": 1.1405314592650435, "9": 1.180284422990464}, "17": {"1": 1, "3": 1.1346158396630464, "5": 1.1478668275715198, "7": 1.0794822649724332, "9": 1.1909325382740588}}