{"0": {"1": 1, "3": 1.1764984264451859, "5": 1.1736589290362274, "7": 1.201107403989494, "9": 1.202763777478053}, "1": {"1": 1, "3": 1.1592248172073543, "5": 1.182177421263103, "7": 1.212938643193488, "9": 1.2037102766143728}, "2": {"1": 1, "3": 1.1296467191973687, "5": 1.1473935780033602, "7": 1.1703461820591088, "9": 1.1977946570123754}, "3": {"1": 1, "3": 1.1918790374103785, "5": 1.1767350512292658, "7": 1.1457372045148009, "9": 1.1996876552850146}, "4": {"1": 1, "3": 1.1466837036511204, "5": 1.1975580322282957, "7": 1.1485767019237596, "9": 1.2032370270462127}, "5": {"1": 1, "3": 1.1587515676391946, "5": 1.1528359480371975, "7": 1.1698729324909491, "9": 1.1807576725586237}, "6": {"1": 1, "3": 1.1339059653108068, "5": 1.1817041716949435, "7": 1.182414046047183, "9": 1.0986488724829038}, "7": {"1": 1, "3": 1.1672700598660704, "5": 1.186673292160621, "7": 1.2268995054542011, "9": 1.1644305624571119}, "8": {"1": 1, "3": 1.1831239203994226, "5": 1.1717659307635881, "7": 1.186200042592461, "9": 1.1525993232531175}, "9": {"1": 1, "3": 1.1596980667755141, "5": 1.182650670831263, "7": 1.1833605451835025, "9": 1.1970847826601358}, "10": {"1": 1, "3": 1.1428977071058424, "5": 1.1755519273088664, "7": 1.1693996829227893, "9": 1.2084427722959705}, "11": {"1": 1, "3": 1.1888029152173398, "5": 1.215068266250207, "7": 1.2188542627954853, "9": 1.2313953763517191}, "12": {"1": 1, "3": 1.172475805115828, "5": 1.1173422304252147, "7": 1.1667968102979105, "9": 1.2025271526939731}, "13": {"1": 1, "3": 1.1594614419914342, "5": 1.1852535434561418, "7": 1.1968481578760561, "9": 1.1996876552850146}, "14": {"1": 1, "3": 1.1604079411277537, "5": 1.1717659307635881, "7": 1.1549655710939164, "9": 1.1675066846501503}, "15": {"1": 1, "3": 1.1909325382740588, "5": 1.1684531837864698, "7": 1.1696363077068692, "9": 1.2202740114999646}, "16": {"1": 1, "3": 1.1343792148789664, "5": 1.1909325382740588, "7": 1.2138851423298076, "9": 1.1876197912969406}, "17": {"1": 1, "3": 1.1916424126262986, "5": 1.16821655900239, "7": 1.1575684437187952, "9": 1.1686898085705497}}