{"1": 1, "3": 0.52891, "5": 0.58077, "7": 0.6300100000000001, "9": 0.65376}