{"0": {"1": [1.0283737024221453, 1.0782006920415224, 1.116493656286044, 1.104959630911188], "2": [1.0622837370242215, 1.1056516724336793, 1.1024221453287197, 1.1121107266435986], "2.5": [1.0555940023068051, 1.1014994232987312, 1.1577854671280277, 1.178085351787774], "3": [1.0131487889273356, 1.0523644752018455, 1.0615916955017302, 1.1559400230680508], "4": [0.9845444059976932, 0.9907727797001153, 1.0828143021914647, 1.0888119953863897], "5": [0.972318339100346, 0.982237600922722, 1.011534025374856, 1.0692041522491351]}, "1": {"1": [1.0309111880046136, 1.0978085351787774, 1.1051903114186852, 1.1361014994232987], "2": [1.0583621683967706, 1.1162629757785467, 1.1206459054209919, 1.1361014994232987], "2.5": [1.041522491349481, 1.098961937716263, 1.1192618223760094, 1.1499423298731257], "3": [1.007843137254902, 1.080968858131488, 1.1388696655132642, 1.1688581314878894], "4": [0.9257208765859285, 1.0507497116493656, 1.0438292964244522, 1.1174163783160322], "5": [0.9739331026528258, 1.0502883506343714, 1.0565167243367937, 1.0629757785467129]}, "2": {"1": [1.0500576701268742, 1.0502883506343714, 1.0996539792387543, 1.156401384083045], "2": [1.0212226066897347, 1.078892733564014, 1.1245674740484428, 1.1561707035755477], "2.5": [1.0410611303344868, 1.0738177623990774, 1.1051903114186852, 1.1490196078431372], "3": [1.0795847750865053, 1.0835063437139563, 1.1370242214532873, 1.1757785467128028], "4": [0.9970011534025375, 1.0327566320645905, 1.0828143021914647, 1.1061130334486735], "5": [0.934486735870819, 0.9868512110726644, 1.0592848904267589, 1.0583621683967706]}, "3": {"1": [1.0509803921568628, 1.0770472895040368, 1.0761245674740485, 1.1003460207612457], "2": [1.0622837370242215, 1.1513264129181084, 1.1211072664359862, 1.172318339100346], "2.5": [1.0708189158016148, 1.093194925028835, 1.1220299884659746, 1.1420991926182238], "3": [1.0539792387543252, 1.1005767012687429, 1.148327566320646, 1.1358708189158016], "4": [1.025374855824683, 0.9993079584775086, 1.1134948096885813, 1.0906574394463668], "5": [0.9607843137254901, 1.0152249134948097, 1.0668973471741638, 1.0641291810841984]}, "4": {"1": [1.0705882352941176, 1.0486735870818915, 1.0731257208765859, 1.1155709342560554], "2": [1.0403690888119954, 1.0717416378316034, 1.13679354094579, 1.1289504036908882], "2.5": [1.0719723183391003, 1.0955017301038061, 1.1434832756632065, 1.1418685121107266], "3": [1.0572087658592848, 1.0918108419838524, 1.1374855824682815, 1.150634371395617], "4": [0.966320645905421, 1.005997693194925, 1.053748558246828, 1.0618223760092271], "5": [0.9711649365628604, 0.9677047289504037, 1.0239907727797002, 1.0486735870818915]}}