{"0": {"1": [20.003616862397326, 22.606437785610066, 23.07566402483348, 23.70984109303159], "2": [49.958905717115314, 49.47060998576812, 51.121539130595316, 51.10628336261723], "2.5": [62.91108843030386, 65.38700839283756, 66.61808041242475, 66.35445832556762], "3": [77.29030568327312, 77.7594839994241, 78.60356957398149, 79.20949076235365], "4": [107.943743653982, 108.78284235898091, 108.15602490541241, 109.4723790818108], "5": [121.96360686916685, 123.86531593501557, 125.15826444953709, 125.96344647048524]}, "1": {"1": [19.517516703178728, 22.757365065443295, 22.94140968367852, 23.381733000343804], "2": [48.69588698476096, 51.35469473246575, 50.700331679642744, 51.86286395609473], "2.5": [65.31814781656558, 64.34144678265976, 65.87579492310219, 66.10175290830271], "3": [79.05259020883624, 78.20605726708, 78.31921538416545, 78.6370346427574], "4": [106.04704042833525, 109.53857577208254, 108.53923788087238, 109.31428838864824], "5": [124.34794914132381, 122.9867986620453, 125.37705742018265, 125.13209760266494]}, "2": {"1": [21.082986958772896, 22.973709008714813, 23.62594251790437, 23.191021956503572], "2": [50.25273642459072, 50.513712024599, 51.59565832703808, 51.79330113609771], "2.5": [64.60929860956094, 65.44593221970605, 65.77339439724852, 65.92666344632924], "3": [77.28164369949252, 77.3379669944158, 79.55016891193019, 78.67944074412996], "4": [106.17119592101324, 108.55876414984971, 109.11323223352115, 109.47586399253703], "5": [125.12262754214333, 124.49683736163351, 124.80105205071544, 124.70661243709307]}, "3": {"1": [20.569536297975148, 22.5070474073554, 22.651130682021847, 23.346001379408893], "2": [48.85526688343231, 51.12888821064073, 50.06955015960969, 51.42857616919135], "2.5": [66.74983602884355, 65.11375553667926, 66.26863312699645, 66.72161714755029], "3": [77.26479429490024, 78.3052136145071, 79.39166302833615, 78.65660970474181], "4": [106.79737269918417, 109.46240477482189, 107.76043908492399, 108.20541466234509], "5": [125.66383675421088, 125.4355290549255, 124.84244904000609, 124.92905894715219]}, "4": {"1": [19.594650840926843, 22.57243769380907, 23.614056612191415, 23.349993438700444], "2": [50.30339465996858, 50.990930704455955, 51.21019356997932, 50.78937253378783], "2.5": [62.8676731790737, 65.78844889749352, 65.8569886503665, 65.42593519943202], "3": [79.27951395708604, 79.30441254360659, 79.37904637152472, 79.32014058126823], "4": [105.86916628133925, 107.30365187347688, 109.62412897441439, 109.20223258126697], "5": [121.94019361611737, 123.35643360076277, 124.13736349558667, 124.2018663104463]}}