{"1": 1, "3": 0.5269300000000001, "5": 0.58264, "7": 0.6244999999999999, "10": 0.6664, "12": 0.6895, "15": 0.70653, "20": 0.73723}