{"0": {"1": 1, "3": 1.1970847826601358, "5": 1.1192352286978537, "7": 1.1807576725586237, "9": 1.1859634178083813, "10": 1.2098625210004497, "12": 1.2141217671138875, "15": 1.1651404368093514, "20": 1.2030004022621328}, "1": {"1": 1, "3": 1.132959466174487, "5": 1.174132178604387, "7": 1.1672700598660704, "9": 1.2041835261825324, "10": 1.2015806535576536, "12": 1.2030004022621328, "15": 1.1757885520929463, "20": 1.2311587515676392}, "2": {"1": 1, "3": 1.1705828068431887, "5": 1.172002555547668, "7": 1.1757885520929463, "9": 1.1689264333546296, "10": 1.1944819100352573, "12": 1.2086793970800502, "15": 1.1959016587397364, "20": 1.2160147653865268}, "3": {"1": 1, "3": 1.1490499514919192, "5": 1.1783914247178249, "7": 1.1594614419914342, "9": 1.1689264333546296, "10": 1.1935354108989376, "12": 1.2077328979437305, "15": 1.217434514091006, "20": 1.2186176380114053}, "4": {"1": 1, "3": 1.1111899860391379, "5": 1.1705828068431887, "7": 1.2065497740233313, "9": 1.217197889306926, "10": 1.2264262558860415, "12": 1.1899860391377393, "15": 1.213648517545728, "20": 1.2330517498402784}, "5": {"1": 1, "3": 1.1890395400014198, "5": 1.1731856794680675, "7": 1.1691630581387094, "9": 1.2368377463855567, "10": 1.1970847826601358, "12": 1.2079695227278104, "15": 1.2079695227278104, "20": 1.1999242800690946}, "6": {"1": 1, "3": 1.1589881924232746, "5": 1.2018172783417336, "7": 1.1481034523555997, "9": 1.192825536546698, "10": 1.1663235607297509, "12": 1.176261801661106, "15": 1.174132178604387, "20": 1.2022905279098932}, "7": {"1": 1, "3": 1.1677433094342302, "5": 1.1729490546839876, "7": 1.2313953763517191, "9": 1.172239180331748, "10": 1.2339982489765977, "12": 1.1471569532192802, "15": 1.2176711388750856, "20": 1.2179077636591658}, "8": {"1": 1, "3": 1.1710560564113486, "5": 1.1644305624571119, "7": 1.1892761647854997, "9": 1.1833605451835025, "10": 1.184070419535742, "12": 1.2408603677149144, "15": 1.2370743711696364, "20": 1.182177421263103}, "9": {"1": 1, "3": 1.1379285866401647, "5": 1.2058398996710917, "7": 1.201107403989494, "9": 1.2020539031258135, "10": 1.202763777478053, "12": 1.2268995054542011, "15": 1.2368377463855567, "20": 1.2089160218641302}, "10": {"1": 1, "3": 1.1580416932869548, "5": 1.1959016587397364, "7": 1.162300939400393, "9": 1.1753153025247864, "10": 1.2181443884432457, "12": 1.2018172783417336, "15": 1.2349447481129174, "20": 1.2510352334303494}, "11": {"1": 1, "3": 1.1504697001963986, "5": 1.143607581458082, "7": 1.1717659307635881, "9": 1.1833605451835025, "10": 1.1876197912969406, "12": 1.1916424126262986, "15": 1.2143583918979675, "20": 1.233761624192518}, "12": {"1": 1, "3": 1.1667968102979105, "5": 1.1831239203994226, "7": 1.180521047774544, "9": 1.2157781406024468, "10": 1.180521047774544, "12": 1.2186176380114053, "15": 1.216961264522846, "20": 1.219327512363645}, "13": {"1": 1, "3": 1.2063131492392514, "5": 1.184307044319822, "7": 1.108823738198339, "9": 1.1632474385367124, "10": 1.1963749083078963, "12": 1.1779181751496652, "15": 1.1982679065805353, "20": 1.2039469013984525}, "14": {"1": 1, "3": 1.1549655710939164, "5": 1.2266628806701214, "7": 1.1594614419914342, "9": 1.1904592887058991, "10": 1.211282269704929, "12": 1.1665601855138308, "15": 1.2074962731596508, "20": 1.1854901682402215}, "15": {"1": 1, "3": 1.1424244575376825, "5": 1.180284422990464, "7": 1.1464470788670404, "9": 1.2145950166820472, "10": 1.1753153025247864, "12": 1.1852535434561418, "15": 1.1932987861148576, "20": 1.2261896311019616}, "16": {"1": 1, "3": 1.1547289463098365, "5": 1.1339059653108068, "7": 1.1772083007974257, "9": 1.2188542627954853, "10": 1.1798111734223042, "12": 1.1954284091715766, "15": 1.1906959134899788, "20": 1.155912070230236}, "17": {"1": 1, "3": 1.1651404368093514, "5": 1.160171316343674, "7": 1.1544923215257565, "9": 1.1951917843874968, "10": 1.1940086604670974, "12": 1.2015806535576536, "15": 1.2001609048531743, "20": 1.1873831665128607}, "18": {"1": 1, "3": 1.1270438465724901, "5": 1.151416199332718, "7": 1.1710560564113486, "9": 1.1904592887058991, "10": 1.1809942973427037, "12": 1.1909325382740588, "15": 1.1956650339556565, "20": 1.1937720356830173}, "19": {"1": 1, "3": 1.1663235607297509, "5": 1.155675445446156, "7": 1.2086793970800502, "9": 1.194955159603417, "10": 1.201344028773574, "12": 1.205130025318852, "15": 1.2084427722959705, "20": 1.2432266155557132}, "20": {"1": 1, "3": 1.1604079411277537, "5": 1.1691630581387094, "7": 1.182414046047183, "9": 1.215541515818367, "10": 1.1525993232531175, "12": 1.1703461820591088, "15": 1.2157781406024468, "20": 1.201107403989494}, "21": {"1": 1, "3": 1.1443174558103215, "5": 1.1566219445824757, "7": 1.131066467901848, "9": 1.2160147653865268, "10": 1.1973214074442158, "12": 1.1959016587397364, "15": 1.194955159603417, "20": 1.2015806535576536}, "22": {"1": 1, "3": 1.1637206881048723, "5": 1.1710560564113486, "7": 1.2089160218641302, "9": 1.2108090201367692, "10": 1.1809942973427037, "12": 1.2247698823974822, "15": 1.2041835261825324, "20": 1.1809942973427037}, "23": {"1": 1, "3": 1.1327228413904074, "5": 1.2084427722959705, "7": 1.1566219445824757, "9": 1.1966115330919762, "10": 1.2098625210004497, "12": 1.186200042592461, "15": 1.2290291285109203, "20": 1.2127020184094082}, "24": {"1": 1, "3": 1.2006341544213341, "5": 1.1410047088332034, "7": 1.1779181751496652, "9": 1.1845436691039022, "10": 1.2205106362840445, "12": 1.2304488772153996, "15": 1.2212205106362841, "20": 1.2179077636591658}}