{"0": {"1": 1, "3": 1.1287002200610492, "5": 1.112846359527697, "7": 1.1665601855138308, "9": 1.1594614419914342, "10": 1.1613544402640734, "12": 1.1346158396630464, "15": 1.1665601855138308, "20": 1.1580416932869548}, "1": {"1": 1, "3": 1.1064574903575402, "5": 1.180284422990464, "7": 1.122547975674972, "9": 1.0993587468351436, "10": 1.1573318189347153, "12": 1.1339059653108068, "15": 1.1649038120252717, "20": 1.1428977071058424}, "2": {"1": 1, "3": 1.1507063249804785, "5": 1.1400582096968837, "7": 1.145500579730721, "9": 1.125150848299851, "10": 1.1076406142779396, "12": 1.1793379238541446, "15": 1.1357989635834458, "20": 1.1339059653108068}, "3": {"1": 1, "3": 1.0969924989943447, "5": 1.1457372045148009, "7": 1.1663235607297509, "9": 1.1883296656491802, "10": 1.1469203284352003, "12": 1.1710560564113486, "15": 1.1753153025247864, "20": 1.1613544402640734}, "4": {"1": 1, "3": 1.1317763422540876, "5": 1.1365088379356854, "7": 1.1530725728212774, "9": 1.141477958401363, "10": 1.1689264333546296, "12": 1.132959466174487, "15": 1.1547289463098365, "20": 1.1869099169447008}, "5": {"1": 1, "3": 1.1362722131516056, "5": 1.1400582096968837, "7": 1.1317763422540876, "9": 1.1388750857764842, "10": 1.1443174558103215, "12": 1.1734223042521474, "15": 1.1407680840491232, "20": 1.1502330754123187}, "6": {"1": 1, "3": 1.1173422304252147, "5": 1.1419512079695227, "7": 1.149759825844159, "9": 1.1466837036511204, "10": 1.1634840633207923, "12": 1.1549655710939164, "15": 1.1327228413904074, "20": 1.1954284091715766}, "7": {"1": 1, "3": 1.120654977402333, "5": 1.137455337072005, "7": 1.172002555547668, "9": 1.1405314592650435, "10": 1.1426610823217624, "12": 1.1064574903575402, "15": 1.18856629043326, "20": 1.152126073684958}, "8": {"1": 1, "3": 1.100778495539623, "5": 1.1634840633207923, "7": 1.1341425900948865, "9": 1.1457372045148009, "10": 1.1684531837864698, "12": 1.16821655900239, "15": 1.1450273301625613, "20": 1.1606445659118336}, "9": {"1": 1, "3": 1.1407680840491232, "5": 1.1391117105605642, "7": 1.1611178154799935, "9": 1.151416199332718, "10": 1.16821655900239, "12": 1.1644305624571119, "15": 1.205130025318852, "20": 1.1930621613307777}, "10": {"1": 1, "3": 1.1201817278341735, "5": 1.125150848299851, "7": 1.1533091976053573, "9": 1.1147393578003362, "10": 1.1320129670381676, "12": 1.1485767019237596, "15": 1.1239677243794515, "20": 1.0657580274958}, "11": {"1": 1, "3": 1.1552021958779963, "5": 1.176261801661106, "7": 1.1213648517545727, "9": 1.135325714015286, "10": 1.1675066846501503, "12": 1.1163957312888952, "15": 1.1384018362083246, "20": 1.1547289463098365}, "12": {"1": 1, "3": 1.1369820875038452, "5": 1.1317763422540876, "7": 1.1644305624571119, "9": 1.1658503111615912, "10": 1.1379285866401647, "12": 1.1478668275715198, "15": 1.143134331889922, "20": 1.1282269704928896}, "13": {"1": 1, "3": 1.0835048863017913, "5": 1.131303092685928, "7": 1.129173469629209, "9": 1.1320129670381676, "10": 1.1301199687655286, "12": 1.1492865762759992, "15": 1.1940086604670974, "20": 1.1675066846501503}, "14": {"1": 1, "3": 1.1502330754123187, "5": 1.1322495918222475, "7": 1.118998603913774, "9": 1.155675445446156, "10": 1.1147393578003362, "12": 1.1502330754123187, "15": 1.162064314616313, "20": 1.1384018362083246}, "15": {"1": 1, "3": 1.1197084782660136, "5": 1.16797993421831, "7": 1.1253874730839308, "9": 1.1275170961406498, "10": 1.16797993421831, "12": 1.1658503111615912, "15": 1.1658503111615912, "20": 1.1466837036511204}, "16": {"1": 1, "3": 1.1317763422540876, "5": 1.1192352286978537, "7": 1.1587515676391946, "9": 1.124914223515771, "10": 1.1575684437187952, "12": 1.1476302027874399, "15": 1.1362722131516056, "20": 1.1473935780033602}, "17": {"1": 1, "3": 1.124914223515771, "5": 1.172239180331748, "7": 1.1237310995953715, "9": 1.1542556967416768, "10": 1.137455337072005, "12": 1.1729490546839876, "15": 1.170109557275029, "20": 1.1369820875038452}, "18": {"1": 1, "3": 1.1123731099595373, "5": 1.1090603629824187, "7": 1.139348335344644, "9": 1.118761979129694, "10": 1.1708194316272686, "12": 1.1819407964790232, "15": 1.1880930408651003, "20": 1.1876197912969406}, "19": {"1": 1, "3": 1.1178154799933746, "5": 1.16797993421831, "7": 1.1625375641844728, "9": 1.1360355883675257, "10": 1.1471569532192802, "12": 1.1253874730839308, "15": 1.1705828068431887, "20": 1.1653770615934314}, "20": {"1": 1, "3": 1.1062208655734602, "5": 1.1048011168689809, "7": 1.1483400771396797, "9": 1.1644305624571119, "10": 1.118761979129694, "12": 1.1729490546839876, "15": 1.1625375641844728, "20": 1.172475805115828}, "21": {"1": 1, "3": 1.135325714015286, "5": 1.1317763422540876, "7": 1.1615910650481531, "9": 1.137455337072005, "10": 1.1677433094342302, "12": 1.1547289463098365, "15": 1.1419512079695227, "20": 1.1686898085705497}, "22": {"1": 1, "3": 1.1507063249804785, "5": 1.102434869028182, "7": 1.1185253543456142, "9": 1.1339059653108068, "10": 1.1798111734223042, "12": 1.1220747261068125, "15": 1.1667968102979105, "20": 1.1483400771396797}, "23": {"1": 1, "3": 1.1464470788670404, "5": 1.1014883698918625, "7": 1.1457372045148009, "9": 1.1367454627197653, "10": 1.120654977402333, "12": 1.1549655710939164, "15": 1.1428977071058424, "20": 1.184070419535742}, "24": {"1": 1, "3": 1.1057476160053004, "5": 1.1097702373346583, "7": 1.1298833439814486, "9": 1.1596980667755141, "10": 1.1644305624571119, "12": 1.155675445446156, "15": 1.1256240978680108, "20": 1.1410047088332034}}